ENST,GeneSymbol
ENST00000428771,HES4
ENST00000304952,HES4
ENST00000309212,MXRA8
ENST00000427211,ANKRD65
ENST00000378453,HES5
ENST00000377893,GPR153
ENST00000377845,ACOT7
ENST00000377507,TNFRSF9
ENST00000461985,CDA
ENST00000375071,CDA
ENST00000540617,ALPL
ENST00000374392,NCMAP
ENST00000619836,PDIK1L
ENST00000361157,IFI6
ENST00000271064,TINAGL1
ENST00000373422,PHC2
ENST00000372573,FOXJ3
ENST00000271139,MOB3C
ENST00000928916,L1TD1
ENST00000928902,L1TD1
ENST00000371116,FOXD3
ENST00000262348,WLS
ENST00000370976,WLS
ENST00000354567,AK5
ENST00000330010,NEXN
ENST00000855565,ADGRL2
ENST00000855569,ADGRL2
ENST00000260505,TTLL7
ENST00000370589,MCOLN3
ENST00000684568,EVI5
ENST00000935051,CCDC18
ENST00000271227,SLC44A3
ENST00000467909,SLC44A3
ENST00000305352,S1PR1
ENST00000481871,DPH5
ENST00000369965,WDR47
ENST00000369962,WDR47
ENST00000667852,LINC01356
ENST00000765284,LINC01356
ENST00000632517,
ENST00000879565,RPRD2
ENST00000324048,ZNF687
ENST00000368873,PI4KB
ENST00000368875,PI4KB
ENST00000852748,PI4KB
ENST00000955930,NPR1
ENST00000875564,SHC1
ENST00000368407,EFNA1
ENST00000368194,ARHGEF11
ENST00000956711,ARHGEF11
ENST00000368124,CADM3
ENST00000361509,IGSF9
ENST00000367909,RGS4
ENST00000693292,
ENST00000451607,GAS5
ENST00000360851,RGL1
ENST00000367521,COLGALT2
ENST00000367520,COLGALT2
ENST00000367433,KCNT2
ENST00000413687,INAVA
ENST00000367283,ELF3
ENST00000471105,RNPEP
ENST00000367284,ELF3
ENST00000491336,PPP1R12B
ENST00000470492,SNRPE
ENST00000341360,ATP2B4
ENST00000861178,RBBP5
ENST00000906547,PFKFB2
ENST00000610948,LINC00467
ENST00000881026,PROX1
ENST00000881022,PROX1
ENST00000366929,TGFB2
ENST00000789338,
ENST00000863548,TP53BP2
ENST00000272133,CNIH3
ENST00000366838,SRP9
ENST00000366820,LEFTY2
ENST00000272134,LEFTY1
ENST00000366837,EPHX1
ENST00000666609,H3-3A
ENST00000366810,MIXL1
ENST00000271971,CAPN9
ENST00000366661,TTC13
ENST00000733246,
ENST00000649110,LINC00707
ENST00000955813,GATA3
ENST00000889955,DHTKD1
ENST00000867538,OPTN
ENST00000545675,SEPHS1
ENST00000376624,SPAG6
ENST00000313311,SPAG6
ENST00000946671,SVIL
ENST00000860295,SVIL
ENST00000424869,ZEB1
ENST00000374867,NRP1
ENST00000355710,RET
ENST00000891516,RASSF4
ENST00000475914,
ENST00000929784,NEUROG3
ENST00000242462,NEUROG3
ENST00000287139,NODAL
ENST00000263563,PALD1
ENST00000394957,VSIR
ENST00000894723,PLAU
ENST00000639913,KCNMA1
ENST00000623527,CDHR1
ENST00000700021,PTEN
ENST00000458159,ACTA2
ENST00000415557,ACTA2
ENST00000371697,ANKRD1
ENST00000888208,PCGF5
ENST00000614189,PCGF5
ENST00000942714,PCGF5
ENST00000941956,MYOF
ENST00000901926,SORBS1
ENST00000266058,SLIT1
ENST00000536831,RRP12
ENST00000320185,FGF8
ENST00000346714,FGF8
ENST00000901356,ADD3
ENST00000277900,ADD3
ENST00000393104,PDCD4
ENST00000392982,VWA2
ENST00000369236,GFRA1
ENST00000439649,GFRA1
ENST00000684105,GFRA1
ENST00000966480,MCMBP
ENST00000451024,NKX1-2
ENST00000368614,LRRC27
ENST00000368592,NKX6-2
ENST00000681938,IFITM1
ENST00000890765,CD151
ENST00000528011,CD151
ENST00000524947,KRTAP5-AS1
ENST00000381395,IGF2
ENST00000416167,IGF2
ENST00000434045,IGF2
ENST00000445504,IGF2-AS
ENST00000381361,IGF2-AS
ENST00000381363,IGF2-AS
ENST00000381330,INS
ENST00000534491,OSBPL5
ENST00000857954,DENND2B
ENST00000857951,DENND2B
ENST00000857977,DENND2B
ENST00000857964,DENND2B
ENST00000856816,USP47
ENST00000856820,USP47
ENST00000947338,MICAL2
ENST00000530691,MICAL2
ENST00000864318,MICAL2
ENST00000655819,SOX6
ENST00000531066,PLEKHA7
ENST00000909724,NUCB2
ENST00000838907,LINC00678
ENST00000343674,DGKZ
ENST00000682741,CTNND1
ENST00000921788,CTNND1
ENST00000922232,FAM111A
ENST00000856808,MYRF
ENST00000856799,MYRF
ENST00000389602,MYRF
ENST00000918477,ZFTA
ENST00000911905,MARK2
ENST00000294179,STX5
ENST00000322147,LTBP3
ENST00000513398,ACTN3
ENST00000265643,GAL
ENST00000933455,GAL
ENST00000393676,FOLR1
ENST00000393609,ARAP1
ENST00000852596,ARAP1
ENST00000533603,SERPINH1
ENST00000304771,MAP6
ENST00000529308,USP35
ENST00000534061,NAALAD2
ENST00000409404,FAT3
ENST00000768271,LINC02700
ENST00000768274,LINC02700
ENST00000263468,CEP126
ENST00000528673,ZC3H12C
ENST00000278601,C11orf52
ENST00000529221,TTC12
ENST00000528158,NCAM1
ENST00000335953,ZBTB16
ENST00000683554,ZBTB16
ENST00000535509,ZBTB16
ENST00000359492,APOA1
ENST00000375323,APOA1
ENST00000236850,APOA1
ENST00000524993,TMPRSS13
ENST00000714378,TMPRSS4
ENST00000392793,TECTA
ENST00000448775,CLMP
ENST00000392693,CDON
ENST00000534070,CHEK1
ENST00000389887,GLB1L3
ENST00000423158,NTF3
ENST00000396858,GAPDH
ENST00000534837,PIANP
ENST00000311268,GPR162
ENST00000539196,EMG1
ENST00000647956,C1R
ENST00000229307,NANOG
ENST00000526286,NANOG
ENST00000737095,
ENST00000533382,
ENST00000428824,POU5F1P3
ENST00000713574,GPRC5A
ENST00000537304,LMO3
ENST00000261169,LMO3
ENST00000396205,LMO3
ENST00000954702,LMO3
ENST00000359062,PDE3A
ENST00000451604,SOX5
ENST00000650193,LOC645485
ENST00000919055,KIF21A
ENST00000919056,KIF21A
ENST00000380518,COL2A1
ENST00000447966,ASIC1
ENST00000394825,NR4A1
ENST00000341809,KRT77
ENST00000551956,KRT4
ENST00000430889,HOXC4
ENST00000515617,FLJ12825
ENST00000833803,LOC100240735
ENST00000660808,LINC02381
ENST00000508564,LINC02381
ENST00000352268,ZNF385A
ENST00000338010,ZNF385A
ENST00000551103,IKZF4
ENST00000926495,ERBB3
ENST00000881995,SLC39A5
ENST00000634871,R3HDM2
ENST00000885361,ARHGEF25
ENST00000333012,EEF1AKMT3
ENST00000686816,
ENST00000547379,SLC16A7
ENST00000551568,CPM
ENST00000261205,SYT1
ENST00000867693,POC1B
ENST00000258499,USP44
ENST00000524981,CFAP54
ENST00000337514,IGF1
ENST00000549934,C12orf75
ENST00000959768,RFX4
ENST00000392842,RFX4
ENST00000959769,RFX4
ENST00000910054,USP30
ENST00000553177,VHRT
ENST00000331096,VHRT
ENST00000403593,SDSL
ENST00000895030,RBM19
ENST00000539163,HNF1A-AS1
ENST00000358808,CLIP1
ENST00000620786,CLIP1
ENST00000901688,ZNF664
ENST00000546355,RFLNA
ENST00000650108,FBRSL1
ENST00000426665,ZNF10
ENST00000298248,CRYL1
ENST00000351808,IFT88
ENST00000862813,TNFRSF19
ENST00000862818,TNFRSF19
ENST00000382258,TNFRSF19
ENST00000382263,TNFRSF19
ENST00000361042,WASF3
ENST00000381033,PDX1
ENST00000615840,FLT1
ENST00000948542,MTUS2
ENST00000379893,DCLK1
ENST00000681043,ALG5
ENST00000701431,
ENST00000848831,
ENST00000848830,
ENST00000569306,C13orf42
ENST00000242839,ATP7B
ENST00000606055,LINC00458
ENST00000613252,DACH1
ENST00000526202,LMO7
ENST00000465261,LMO7
ENST00000581816,MIR17HG
ENST00000438290,SOX21-AS1
ENST00000947242,DNAJC3
ENST00000682017,DOCK9
ENST00000330949,SOX1
ENST00000375559,F10
ENST00000535094,MCF2L
ENST00000674313,SLC7A7
ENST00000267396,REM2
ENST00000667602,DHRS4-AS1
ENST00000250448,FOXA1
ENST00000670345,
ENST00000868186,ATL1
ENST00000251091,SAMD4A
ENST00000355431,ARID4A
ENST00000329153,PLEKHH1
ENST00000337827,GALNT16
ENST00000553669,GALNT16
ENST00000853581,SUSD6
ENST00000361956,SMOC1
ENST00000936035,SIPA1L1
ENST00000256362,VRTN
ENST00000552421,YLPM1
ENST00000238682,TGFB3
ENST00000330753,FLRT2
ENST00000216487,RIN3
ENST00000393087,SERPINA1
ENST00000554866,SERPINA5
ENST00000329597,SERPINA5
ENST00000643862,GSC-DT
ENST00000335290,WDR25
ENST00000341267,DLK1
ENST00000429436,MARK3
ENST00000423312,KIF26A
ENST00000392634,INF2
ENST00000563044,
ENST00000699898,MEIS2
ENST00000560702,MEIS2
ENST00000771076,
ENST00000933333,INO80
ENST00000908747,MAPDA
ENST00000260403,TMEM62
ENST00000854653,SLC30A4
ENST00000260324,SQOR
ENST00000559418,WDR72
ENST00000389286,PRTG
ENST00000696102,TEX9
ENST00000895787,RNF111
ENST00000557998,RNF111
ENST00000645819,VPS13C
ENST00000249837,VPS13C
ENST00000862331,RAB8B
ENST00000920201,IGDCC3
ENST00000352385,IGDCC4
ENST00000287196,PARP6
ENST00000558964,NEO1
ENST00000562009,
ENST00000527715,CTSH
ENST00000677238,CTSH
ENST00000303329,ARNT2
ENST00000345382,BNC1
ENST00000394553,PDE8A
ENST00000654017,LINC00930
ENST00000329841,ALDH1A3
ENST00000914333,FAM234A
ENST00000962400,IFT140
ENST00000967441,ABCA3
ENST00000301732,ABCA3
ENST00000361837,TEDC2
ENST00000161006,PRSS22
ENST00000576985,ZSCAN10
ENST00000252463,ZSCAN10
ENST00000325568,IL32
ENST00000534507,IL32
ENST00000526464,IL32
ENST00000548807,IL32
ENST00000425191,ABAT
ENST00000614721,ACSM3
ENST00000261588,KATNIP
ENST00000300835,PRR14
ENST00000297679,HSD3B7
ENST00000563544,ARMC5
ENST00000621565,RPGRIP1L
ENST00000564907,ADGRG1
ENST00000860561,ADGRG1
ENST00000268603,CDH11
ENST00000918764,CMTM3
ENST00000258201,FHOD1
ENST00000393957,TPPP3
ENST00000329524,NFATC3
ENST00000302628,CALB2
ENST00000914247,ATXN1L
ENST00000397992,ZFHX3
ENST00000268489,ZFHX3
ENST00000938437,RFWD3
ENST00000262429,ATP2C2
ENST00000899392,KIAA0513
ENST00000876493,DPEP1
ENST00000618002,RPH3AL
ENST00000324015,SERPINF2
ENST00000453066,SERPINF2
ENST00000573770,SERPINF1
ENST00000576406,SERPINF1
ENST00000389313,SMTNL2
ENST00000896491,PFN1
ENST00000519602,ENO3
ENST00000293805,BCL6B
ENST00000573600,CTDNEP1
ENST00000416016,EIF5A
ENST00000306071,CHRNB1
ENST00000967557,TRIM16
ENST00000353383,RAI1
ENST00000866204,WSB1
ENST00000226218,VTN
ENST00000585453,SARM1
ENST00000618626,SLC46A1
ENST00000254079,PPP1R1B
ENST00000393881,NKIRAS2
ENST00000928838,NBR1
ENST00000318579,MEOX1
ENST00000922774,ETV4
ENST00000393664,ETV4
ENST00000319349,ETV4
ENST00000225512,WNT3
ENST00000300557,PRR15L
ENST00000393408,CBX1
ENST00000330070,HOXB2
ENST00000470495,HOXB3
ENST00000332503,HOXB4
ENST00000172229,NGFR
ENST00000583356,TANC2
ENST00000413366,PRKCA
ENST00000886834,ABCA6
ENST00000649793,LINC00511
ENST00000299886,COG1
ENST00000861530,TMEM94
ENST00000864030,ITGB4
ENST00000322957,FOXJ1
ENST00000156626,ST6GALNAC1
ENST00000579760,C1QTNF1
ENST00000578544,ANAPC11
ENST00000269162,GNAL
ENST00000540918,TTC39C
ENST00000237014,TTR
ENST00000854481,DTNA
ENST00000854476,DTNA
ENST00000597599,DTNA
ENST00000436190,MAPRE2
ENST00000262094,RAB27B
ENST00000431212,NEDD4L
ENST00000536984,CDH7
ENST00000397968,CDH7
ENST00000322038,TSHZ1
ENST00000580243,TSHZ1
ENST00000578092,LINC00908
ENST00000915360,ZNF516
ENST00000397778,SLC66A2
ENST00000905917,SLC66A2
ENST00000264554,SHC2
ENST00000251289,WDR18
ENST00000568865,CNN2
ENST00000590536,TLE2
ENST00000262953,TLE2
ENST00000577920,HSD11B1L
ENST00000538904,EVI5L
ENST00000962893,EVI5L
ENST00000592904,ZNF266
ENST00000550507,ZNF433
ENST00000881206,LSM4
ENST00000928454,SUGP2
ENST00000392219,FXYD5
ENST00000592354,CAPNS1
ENST00000316950,ZNF569
ENST00000599539,RPS16
ENST00000874164,NOSIP
ENST00000221315,ZNF432
ENST00000301194,TTYH1
ENST00000893954,TTYH1
ENST00000376530,TTYH1
ENST00000376531,TTYH1
ENST00000890315,PTPRH
ENST00000245618,EPS8L1
ENST00000587845,UBE2S
ENST00000541801,ZNF211
ENST00000594328,ZNF587B
ENST00000933729,ZNF329
ENST00000815261,
ENST00000938589,ASAP2
ENST00000281419,ASAP2
ENST00000360635,ITGB1BP1
ENST00000699836,ODC1
ENST00000851924,LRATD1
ENST00000361999,ITSN2
ENST00000905942,ITSN2
ENST00000288710,DRC1
ENST00000902793,FOSL2
ENST00000320081,CLIP4
ENST00000683329,LRPPRC
ENST00000306156,PRKCE
ENST00000355426,EFEMP1
ENST00000453186,SANBR
ENST00000560281,MEIS1
ENST00000488550,MEIS1
ENST00000345517,ACTG2
ENST00000402739,CTNNA2
ENST00000393487,MGAT4A
ENST00000264047,SLC5A7
ENST00000461707,NPHP1
ENST00000331203,FBLN7
ENST00000801452,FAM138B
ENST00000393147,DPP10
ENST00000850649,C1QL2
ENST00000851971,EPB41L5
ENST00000911772,EPB41L5
ENST00000259216,CFC1
ENST00000345008,LYPD1
ENST00000558170,ZEB2
ENST00000409642,LYPD6B
ENST00000899448,LYPD6B
ENST00000953167,GALNT5
ENST00000939552,TANC1
ENST00000873501,ITGB6
ENST00000418842,GCG
ENST00000649979,IFIH1
ENST00000409420,CSRNP3
ENST00000392701,GALNT3
ENST00000902718,GALNT3
ENST00000392663,BBS5
ENST00000272797,KLHL23
ENST00000375281,SP5
ENST00000306324,HOXD4
ENST00000249440,HOXD3
ENST00000286063,PDE11A
ENST00000336917,ZNF385B
ENST00000295108,NEUROD1
ENST00000874158,DNAJC10
ENST00000233156,TFPI
ENST00000686960,
ENST00000779284,
ENST00000702947,
ENST00000447232,PMS1
ENST00000337386,NAB1
ENST00000428675,PLCL1
ENST00000891363,SPATS2L
ENST00000891346,SPATS2L
ENST00000415913,IDH1
ENST00000907243,MAP2
ENST00000907251,MAP2
ENST00000907255,MAP2
ENST00000436443,ERBB4
ENST00000852785,IKZF2
ENST00000342002,IKZF2
ENST00000421182,FN1
ENST00000357867,FN1
ENST00000443816,FN1
ENST00000432072,FN1
ENST00000356005,FN1
ENST00000456923,FN1
ENST00000865084,FN1
ENST00000336916,FN1
ENST00000446046,FN1
ENST00000879964,VIL1
ENST00000248444,VIL1
ENST00000295731,IHH
ENST00000321276,SGPP2
ENST00000644695,DOCK10
ENST00000295190,SLC16A14
ENST00000340126,SP100
ENST00000254661,RAMP1
ENST00000388934,MAB21L4
ENST00000877969,SLC23A2
ENST00000378961,CHGB
ENST00000453074,TRMT6
ENST00000943038,LRRN4
ENST00000903106,LRRN4
ENST00000698795,LRRN4
ENST00000378858,LRRN4
ENST00000246070,LAMP5
ENST00000338037,PLCB1
ENST00000399002,SPTLC3
ENST00000341420,FLRT3
ENST00000378053,FLRT3
ENST00000874852,FLRT3
ENST00000963260,FLRT3
ENST00000255006,RIN2
ENST00000891329,RIN2
ENST00000310227,INSM1
ENST00000377142,NKX2-2
ENST00000821804,LINC00261
ENST00000821803,LINC00261
ENST00000564492,LINC00261
ENST00000620459,LINC02967
ENST00000621426,NOL4L
ENST00000696232,DNMT3B
ENST00000328111,DNMT3B
ENST00000397800,CBFA2T2
ENST00000931656,NCOA6
ENST00000931655,NCOA6
ENST00000887207,EPB41L1
ENST00000876226,SRC
ENST00000299824,PPP1R16B
ENST00000969165,PPP1R16B
ENST00000373184,PTPRT
ENST00000373190,PTPRT
ENST00000373201,PTPRT
ENST00000373187,PTPRT
ENST00000316673,HNF4A
ENST00000372285,CD40
ENST00000888894,NCOA3
ENST00000371677,UBE2V1
ENST00000347215,PMEPA1
ENST00000664748,LOC105369302
ENST00000262354,D21S2088E
ENST00000654898,D21S2088E
ENST00000636887,TIAM1
ENST00000674308,SYNJ1
ENST00000381132,RCAN1
ENST00000336648,HLCS
ENST00000357985,FAM3B
ENST00000447535,ERVH48-1
ENST00000398158,CBS
ENST00000889226,PRMT2
ENST00000948081,SPECC1L
ENST00000612946,TTC28
ENST00000404820,EMID1
ENST00000215912,PIK3IP1
ENST00000610767,KCTD17
ENST00000892372,SYNGR1
ENST00000859868,PACSIN2
ENST00000484686,CNTN4
ENST00000481287,GHRL
ENST00000285046,FGD5
ENST00000456194,HACL1
ENST00000330688,RARB
ENST00000699033,TOP2B
ENST00000295743,EOMES
ENST00000282538,GADL1
ENST00000484457,FBXL2
ENST00000645898,TRANK1
ENST00000896018,ZKSCAN7
ENST00000395905,LRRC2
ENST00000938305,CRIPTO
ENST00000938308,CRIPTO
ENST00000938312,CRIPTO
ENST00000493282,CRIPTO
ENST00000471721,CRIPTO
ENST00000616701,SEMA3B
ENST00000433753,SEMA3B
ENST00000288139,CACNA1D
ENST00000670768,SLMAP
ENST00000803954,SYNPR-AS1
ENST00000383701,EOGT
ENST00000478263,FRMD4B
ENST00000352241,MITF
ENST00000642352,MITF
ENST00000314589,MITF
ENST00000394236,PROS1
ENST00000470610,EPHA6
ENST00000896802,BBX
ENST00000878043,PHLDB2
ENST00000393923,PHLDB2
ENST00000478951,TAGLN3
ENST00000793799,LOC105374041
ENST00000793787,LOC105374041
ENST00000909638,BOC
ENST00000682979,BOC
ENST00000468630,CFAP91
ENST00000494517,GOLGB1
ENST00000695008,GOLGB1
ENST00000693588,IFT122
ENST00000349441,IFT122
ENST00000882534,CEP70
ENST00000295992,PCOLCE2
ENST00000305366,TM4SF1
ENST00000282486,MBNL1
ENST00000911755,MBNL1
ENST00000460393,MME
ENST00000916993,TRIM59
ENST00000651380,B3GALNT1
ENST00000651117,B3GALNT1
ENST00000464456,MECOM
ENST00000651503,MECOM
ENST00000899187,FNDC3B
ENST00000917915,FXR1
ENST00000476964,SOX2-OT
ENST00000657986,SOX2-OT
ENST00000661842,SOX2-OT
ENST00000665033,SOX2-OT
ENST00000454652,KLHL24
ENST00000350481,EIF4G1
ENST00000875104,VPS8
ENST00000306376,ETV5
ENST00000342695,ATP13A4
ENST00000439074,LINC02038
ENST00000867114,ACAP2
ENST00000447234,MUC20
ENST00000477148,TFRC
ENST00000303277,TMEM129
ENST00000911470,FGFR3
ENST00000512574,CRMP1
ENST00000861182,EVC
ENST00000675131,LCORL
ENST00000264866,TBC1D19
ENST00000695919,PCDH7
ENST00000509759,PCDH7
ENST00000905954,ARAP2
ENST00000381980,PGCKA1
ENST00000852889,PDS5A
ENST00000381793,RBM47
ENST00000910703,RBM47
ENST00000875270,UCHL1
ENST00000504360,BEND4
ENST00000273859,ATP10D
ENST00000610355,CORIN
ENST00000273857,CORIN
ENST00000257287,CEP135
ENST00000226328,RUFY3
ENST00000307407,CXCL8
ENST00000395761,CXCL1
ENST00000395748,AREG
ENST00000325278,MTHFD2L
ENST00000638680,SCARB2
ENST00000904771,ANXA3
ENST00000512884,ANXA3
ENST00000503570,ANXA3
ENST00000909109,BMP3
ENST00000282701,BMP3
ENST00000311412,HPSE
ENST00000295888,WDFY3
ENST00000829524,
ENST00000514229,ARHGAP24
ENST00000940455,PTPN13
ENST00000641553,MAPK10
ENST00000503556,FAM13A
ENST00000394980,MMRN1
ENST00000877494,MMRN1
ENST00000264790,MMRN1
ENST00000721199,LNCPRESS2
ENST00000611049,GRID2
ENST00000515059,BMPR1B
ENST00000394931,BMPR1B
ENST00000899798,PPA2
ENST00000379987,NPNT
ENST00000690982,SGMS2
ENST00000509938,MIR302CHG
ENST00000731552,MIR302CHG
ENST00000691790,MIR302CHG
ENST00000731551,MIR302CHG
ENST00000688371,MIR302CHG
ENST00000505215,MIR302CHG
ENST00000505632,MIR302CHG
ENST00000669848,
ENST00000394203,SCOC
ENST00000508269,HHIP-AS1
ENST00000296550,DCLK2
ENST00000506325,DCLK2
ENST00000675293,TRIM2
ENST00000403106,FGA
ENST00000856265,GUCY1A1
ENST00000264428,GLRB
ENST00000296529,TMEM144
ENST00000585682,GASK1B
ENST00000296530,GASK1B
ENST00000264433,FNIP2
ENST00000306100,FSTL5
ENST00000361618,MFAP3L
ENST00000878953,TRAPPC11
ENST00000864715,ACSL1
ENST00000865677,SORBS2
ENST00000865664,SORBS2
ENST00000389354,FAM149A
ENST00000940033,ZFP42
ENST00000302006,IRX1
ENST00000382496,SEMA5A
ENST00000304623,CTNND2
ENST00000706272,CTNND2
ENST00000511377,CTNND2
ENST00000683169,RETREG1
ENST00000684695,RETREG1
ENST00000382254,CDH12
ENST00000264463,CDH10
ENST00000265071,CDH6
ENST00000899824,CDH6
ENST00000282507,UGT3A2
ENST00000396947,FST
ENST00000509189,SHISAL2B
ENST00000901832,OCLN
ENST00000955764,OCLN
ENST00000863954,HMGCR
ENST00000615665,SSBP2
ENST00000505980,SSBP2
ENST00000274341,HAPLN1
ENST00000671514,NR2F1-AS1
ENST00000327111,NR2F1
ENST00000693347,
ENST00000675663,CAST
ENST00000675179,CAST
ENST00000395813,CAST
ENST00000957489,PAM
ENST00000304400,PAM
ENST00000684379,PAM
ENST00000261486,EPB41L4A
ENST00000296600,ZNF474
ENST00000893275,SNCAIP
ENST00000895962,CSNK1G3
ENST00000895972,CSNK1G3
ENST00000895961,CSNK1G3
ENST00000274487,ADAMTS19
ENST00000511475,HINT1
ENST00000509730,SAR1B
ENST00000688649,MACROH2A1
ENST00000274721,GFRA3
ENST00000882289,KDM3B
ENST00000503811,MATR3
ENST00000925545,ARAP3
ENST00000398587,PCDHGA11
ENST00000434127,SPRY4
ENST00000507359,KCTD16
ENST00000859826,SH3RF2
ENST00000511217,SH3RF2
ENST00000296695,SPINK1
ENST00000510027,SPINK1
ENST00000706733,GRIA1
ENST00000864868,WWC1
ENST00000328939,KCNIP1
ENST00000952660,DBN1
ENST00000878587,N4BP3
ENST00000681072,CANX
ENST00000393438,RUFY1
ENST00000681905,SIRT5
ENST00000632346,
ENST00000450930,ATXN1-AS1
ENST00000783226,
ENST00000357578,ALDH5A1
ENST00000289361,BTN3A1
ENST00000623276,ZSCAN26
ENST00000641730,OR2I1
ENST00000377050,UBD
ENST00000471529,POU5F1
ENST00000951755,HLA-B
ENST00000274938,SCUBE3
ENST00000889524,SCUBE3
ENST00000940915,SCUBE3
ENST00000649492,BTBD9
ENST00000633794,DAAM2
ENST00000937774,FOXP4
ENST00000937781,FOXP4
ENST00000373018,FRS3
ENST00000372988,CCND3
ENST00000689256,CUL7
ENST00000674100,CUL7
ENST00000185206,CLIC5
ENST00000339561,CLIC5
ENST00000275016,CYP39A1
ENST00000334575,GSTA1
ENST00000306858,SACK1B
ENST00000274901,HMGCLL1
ENST00000370830,BMP5
ENST00000312431,DST
ENST00000615563,MYO6
ENST00000626131,
ENST00000403245,CEP162
ENST00000882408,CNR1
ENST00000882409,CNR1
ENST00000369393,MDN1
ENST00000328345,POU3F2
ENST00000369208,SIM1
ENST00000928367,BEND3
ENST00000424296,AK9
ENST00000368802,REV3L
ENST00000312719,HS3ST5
ENST00000368581,RSPH4A
ENST00000332958,RFX6
ENST00000368498,GOPC
ENST00000392477,NCOA7
ENST00000337057,EPB41L2
ENST00000904971,EPB41L2
ENST00000622916,LINC01013
ENST00000336749,MOXD1
ENST00000367882,TCF21
ENST00000612899,TNFAIP3
ENST00000358430,TXLNB
ENST00000367608,ADGRG6
ENST00000367609,ADGRG6
ENST00000968518,ADGRG6
ENST00000296932,ADGRG6
ENST00000972061,PLAGL1
ENST00000361131,PPP1R14C
ENST00000696526,PLEKHG1
ENST00000367257,SYNE1
ENST00000414563,ZDHHC14
ENST00000275262,QKI
ENST00000354536,SMOC2
ENST00000356284,SMOC2
ENST00000437615,LINC00242
ENST00000648769,LINC00242
ENST00000366756,DLL1
ENST00000389574,SUN1
ENST00000905052,FSCN1
ENST00000608012,LINC03073
ENST00000265849,PMS2
ENST00000456174,HDAC9
ENST00000448353,CCDC126
ENST00000462546,FAM221A
ENST00000645220,GSDME
ENST00000643460,HOXA1
ENST00000355633,HOXA1
ENST00000851235,HOXA3
ENST00000517635,HOXA-AS2
ENST00000360046,HOXA4
ENST00000222726,HOXA5
ENST00000871702,TAX1BP1
ENST00000317020,MATCAP2
ENST00000396045,ELMO1
ENST00000613132,IGFBP3
ENST00000311160,TNS3
ENST00000457718,TNS3
ENST00000357936,DDC
ENST00000622873,DDC
ENST00000700146,EGFR
ENST00000472837,GTF2IRD2B
ENST00000611835,GTF2IRD2B
ENST00000901288,GTF2I
ENST00000901291,GTF2I
ENST00000932170,GTF2I
ENST00000394905,CCL26
ENST00000435749,MAGI2-AS3
ENST00000452320,MAGI2-AS3
ENST00000878446,SEMA3C
ENST00000265361,SEMA3C
ENST00000331536,CROT
ENST00000859638,CDK14
ENST00000406263,CDK14
ENST00000341723,HEPACAM2
ENST00000394468,HEPACAM2
ENST00000005178,PDK4
ENST00000543273,CASTOR3P
ENST00000687616,PMS2P1
ENST00000895660,HBP1
ENST00000878870,NRCAM
ENST00000421101,LRRN3
ENST00000308478,LRRN3
ENST00000652298,PTPRZ1
ENST00000668382,POT1
ENST00000769347,
ENST00000769325,
ENST00000464848,IFT56
ENST00000477922,MGAM2
ENST00000302017,ZNF467
ENST00000416793,AOC1
ENST00000360937,AOC1
ENST00000945646,KCNH2
ENST00000713710,KCNH2
ENST00000908206,NOS3
ENST00000866404,NUB1
ENST00000332007,DPP6
ENST00000297261,SHH
ENST00000886854,GATA4
ENST00000678242,CTSB
ENST00000524500,CTSB
ENST00000251630,PDGFRL
ENST00000520982,BMP1
ENST00000306385,BMP1
ENST00000970378,SCARA3
ENST00000616834,PLEKHA2
ENST00000520262,SLC20A2
ENST00000887928,ASPH
ENST00000671254,MIR124-2HG
ENST00000665390,MIR124-2HG
ENST00000685732,MIR124-2HG
ENST00000276571,CRH
ENST00000660308,C8orf34-AS1
ENST00000912626,PRDM14
ENST00000723787,
ENST00000519840,
ENST00000466821,RPL7
ENST00000285381,CA3
ENST00000684089,TMEM67
ENST00000220763,CPQ
ENST00000318528,ERICH5
ENST00000254898,MATN2
ENST00000430223,NIPAL2
ENST00000220931,NCALD
ENST00000309982,BAALC
ENST00000297447,OXR1
ENST00000297459,TMEM74
ENST00000276646,SYBU
ENST00000529175,SYBU
ENST00000409003,SAMD12
ENST00000286234,DEPTOR
ENST00000303924,HAS2
ENST00000696633,POU5F1B
ENST00000323851,NDRG1
ENST00000691704,VLDLR-AS1
ENST00000357248,SMARCA2
ENST00000636559,SMARCA2
ENST00000427722,RFX3-DT
ENST00000959913,MPDZ
ENST00000380911,CER1
ENST00000896634,MYORG
ENST00000470744,CLTA
ENST00000303068,ENTREP1
ENST00000715875,
ENST00000442371,GCNT1
ENST00000347159,PSAT1
ENST00000375751,SYK
ENST00000375512,BICD2
ENST00000854365,FGD3
ENST00000375472,SUSD3
ENST00000427277,WNK2
ENST00000801375,
ENST00000374736,ABCA1
ENST00000374270,SUSD1
ENST00000928183,ZNF618
ENST00000373808,GSN
ENST00000972594,GSN
ENST00000373818,GSN
ENST00000896215,CRB2
ENST00000352480,ASS1
ENST00000361069,LAMC3
ENST00000891838,RALGDS
ENST00000468019,RPL7A
ENST00000277537,SEC16A
ENST00000399012,PLCXD1
ENST00000381095,NLGN4X
ENST00000380787,MID1
ENST00000380289,GRPR
ENST00000871544,RAI2
ENST00000949205,ZFX
ENST00000379145,PCYT1B
ENST00000379044,ARX
ENST00000377073,ZNF157
ENST00000498425,EBP
ENST00000374299,SLC7A3
ENST00000298085,SLC7A3
ENST00000536169,NLGN3
ENST00000358741,NLGN3
ENST00000644024,POU3F4
ENST00000755579,
ENST00000755598,
ENST00000420881,PCDH19
ENST00000255531,PCDH19
ENST00000909758,PCDH19
ENST00000243298,RAB9B
ENST00000674403,
ENST00000324342,RNF128
ENST00000336803,CLDN2
ENST00000851044,CRIPTO3
ENST00000893585,PAK3
ENST00000635795,DCX
ENST00000371993,DCX
ENST00000680476,DCX
ENST00000371959,AMOT
ENST00000371962,AMOT
ENST00000743915,
ENST00000842009,
ENST00000414769,MIR503HG
ENST00000394155,FHL1
ENST00000287538,ZIC3
ENST00000478471,ZIC3
ENST00000370536,SOX3
ENST00000338017,SLITRK4
ENST00000966679,SLITRK2
ENST00000422081,
ENST00000902931,MAMLD1
ENST00000370401,MAMLD1
ENST00000342782,DUSP9
ENST00000350060,ARHGAP4
ENST00000696579,DKC1
ENST00000692053,
ENST00000844172,
ENST00000779634,
ENST00000336152,HTR7
ENST00000325980,VENTX
ENST00000539009,LINC02617
ENST00000689432,LOC105373997
ENST00000723640,
