"NAME","cluster"
"ENST00000304952",1
"ENST00000374630",1
"ENST00000342280",1
"ENST00000928355",1
"ENST00000907006",1
"ENST00000635253",1
"ENST00000370976",1
"ENST00000885094",1
"ENST00000370742",1
"ENST00000674208",1
"ENST00000370225",1
"ENST00000370185",1
"ENST00000864986",1
"ENST00000368378",1
"ENST00000368195",1
"ENST00000333360",1
"ENST00000713653",1
"ENST00000310833",1
"ENST00000356522",1
"ENST00000366930",1
"ENST00000366684",1
"ENST00000930083",1
"ENST00000407071",1
"ENST00000397962",1
"ENST00000304267",1
"ENST00000881961",1
"ENST00000863063",1
"ENST00000458595",1
"ENST00000881135",1
"ENST00000320985",1
"ENST00000424869",1
"ENST00000374867",1
"ENST00000862410",1
"ENST00000874400",1
"ENST00000224784",1
"ENST00000624358",1
"ENST00000344586",1
"ENST00000452494",1
"ENST00000358187",1
"ENST00000369519",1
"ENST00000623953",1
"ENST00000388920",1
"ENST00000416167",1
"ENST00000227155",1
"ENST00000395629",1
"ENST00000532932",1
"ENST00000698129",1
"ENST00000710864",1
"ENST00000263674",1
"ENST00000336898",1
"ENST00000884906",1
"ENST00000532572",1
"ENST00000335953",1
"ENST00000683554",1
"ENST00000278927",1
"ENST00000527786",1
"ENST00000318602",1
"ENST00000266397",1
"ENST00000240662",1
"ENST00000948240",1
"ENST00000920053",1
"ENST00000337299",1
"ENST00000380518",1
"ENST00000928357",1
"ENST00000493991",1
"ENST00000466884",1
"ENST00000490609",1
"ENST00000551103",1
"ENST00000547103",1
"ENST00000308664",1
"ENST00000382263",1
"ENST00000876241",1
"ENST00000376747",1
"ENST00000682017",1
"ENST00000968290",1
"ENST00000729137",1
"ENST00000645694",1
"ENST00000853904",1
"ENST00000853903",1
"ENST00000361956",1
"ENST00000381280",1
"ENST00000553716",1
"ENST00000880024",1
"ENST00000330753",1
"ENST00000331224",1
"ENST00000341267",1
"ENST00000541819",1
"ENST00000951937",1
"ENST00000771076",1
"ENST00000771073",1
"ENST00000249749",1
"ENST00000505373",1
"ENST00000268164",1
"ENST00000907334",1
"ENST00000647876",1
"ENST00000564731",1
"ENST00000254235",1
"ENST00000268603",1
"ENST00000341529",1
"ENST00000649859",1
"ENST00000618002",1
"ENST00000443061",1
"ENST00000674673",1
"ENST00000393450",1
"ENST00000892665",1
"ENST00000451037",1
"ENST00000424486",1
"ENST00000893798",1
"ENST00000563924",1
"ENST00000541152",1
"ENST00000579760",1
"ENST00000675386",1
"ENST00000905718",1
"ENST00000579454",1
"ENST00000424526",1
"ENST00000642541",1
"ENST00000593195",1
"ENST00000361673",1
"ENST00000679828",1
"ENST00000860153",1
"ENST00000924726",1
"ENST00000643092",1
"ENST00000252590",1
"ENST00000359274",1
"ENST00000221452",1
"ENST00000884675",1
"ENST00000541738",1
"ENST00000898762",1
"ENST00000660923",1
"ENST00000766977",1
"ENST00000366671",1
"ENST00000282549",1
"ENST00000560281",1
"ENST00000491706",1
"ENST00000439433",1
"ENST00000409517",1
"ENST00000295379",1
"ENST00000295057",1
"ENST00000331203",1
"ENST00000259216",1
"ENST00000272797",1
"ENST00000715174",1
"ENST00000342992",1
"ENST00000233156",1
"ENST00000261024",1
"ENST00000852785",1
"ENST00000446046",1
"ENST00000865089",1
"ENST00000852416",1
"ENST00000380648",1
"ENST00000477287",1
"ENST00000698795",1
"ENST00000378858",1
"ENST00000923518",1
"ENST00000613128",1
"ENST00000444366",1
"ENST00000246006",1
"ENST00000674240",1
"ENST00000621426",1
"ENST00000448944",1
"ENST00000316673",1
"ENST00000252997",1
"ENST00000787726",1
"ENST00000649276",1
"ENST00000486651",1
"ENST00000394449",1
"ENST00000890232",1
"ENST00000330688",1
"ENST00000884814",1
"ENST00000676712",1
"ENST00000614032",1
"ENST00000487097",1
"ENST00000295903",1
"ENST00000475557",1
"ENST00000878043",1
"ENST00000393923",1
"ENST00000909638",1
"ENST00000928196",1
"ENST00000909647",1
"ENST00000393775",1
"ENST00000480704",1
"ENST00000703519",1
"ENST00000330394",1
"ENST00000672887",1
"ENST00000683351",1
"ENST00000695919",1
"ENST00000511884",1
"ENST00000380837",1
"ENST00000312465",1
"ENST00000502971",1
"ENST00000950982",1
"ENST00000394980",1
"ENST00000394931",1
"ENST00000273990",1
"ENST00000296420",1
"ENST00000394767",1
"ENST00000959844",1
"ENST00000296530",1
"ENST00000511269",1
"ENST00000359562",1
"ENST00000649739",1
"ENST00000504830",1
"ENST00000230882",1
"ENST00000264664",1
"ENST00000601500",1
"ENST00000230658",1
"ENST00000274289",1
"ENST00000274341",1
"ENST00000860111",1
"ENST00000860110",1
"ENST00000510942",1
"ENST00000274382",1
"ENST00000890088",1
"ENST00000231368",1
"ENST00000618155",1
"ENST00000511217",1
"ENST00000297130",1
"ENST00000424406",1
"ENST00000645831",1
"ENST00000379597",1
"ENST00000379375",1
"ENST00000378990",1
"ENST00000378814",1
"ENST00000252050",1
"ENST00000888945",1
"ENST00000493422",1
"ENST00000873262",1
"ENST00000370830",1
"ENST00000237172",1
"ENST00000370020",1
"ENST00000911405",1
"ENST00000326274",1
"ENST00000368452",1
"ENST00000337057",1
"ENST00000530481",1
"ENST00000904971",1
"ENST00000904981",1
"ENST00000904987",1
"ENST00000612899",1
"ENST00000237289",1
"ENST00000906241",1
"ENST00000472054",1
"ENST00000623361",1
"ENST00000406453",1
"ENST00000242261",1
"ENST00000242152",1
"ENST00000649409",1
"ENST00000648848",1
"ENST00000650533",1
"ENST00000430838",1
"ENST00000435749",1
"ENST00000406263",1
"ENST00000927528",1
"ENST00000346177",1
"ENST00000307271",1
"ENST00000476324",1
"ENST00000530337",1
"ENST00000678242",1
"ENST00000524500",1
"ENST00000520982",1
"ENST00000904759",1
"ENST00000950408",1
"ENST00000380871",1
"ENST00000325017",1
"ENST00000836831",1
"ENST00000662066",1
"ENST00000265769",1
"ENST00000520448",1
"ENST00000650919",1
"ENST00000287842",1
"ENST00000853781",1
"ENST00000276573",1
"ENST00000674439",1
"ENST00000519075",1
"ENST00000884875",1
"ENST00000517566",1
"ENST00000522445",1
"ENST00000395571",1
"ENST00000853985",1
"ENST00000396396",1
"ENST00000951904",1
"ENST00000705190",1
"ENST00000537320",1
"ENST00000350763",1
"ENST00000373631",1
"ENST00000896215",1
"ENST00000406555",1
"ENST00000893649",1
"ENST00000398000",1
"ENST00000887544",1
"ENST00000931794",1
"ENST00000538570",1
"ENST00000913236",1
"ENST00000659124",2
"ENST00000511072",2
"ENST00000496676",2
"ENST00000647408",2
"ENST00000377298",2
"ENST00000376480",2
"ENST00000711098",2
"ENST00000442459",2
"ENST00000411503",2
"ENST00000375142",2
"ENST00000674432",2
"ENST00000859603",2
"ENST00000374272",2
"ENST00000373713",2
"ENST00000373075",2
"ENST00000372708",2
"ENST00000680483",2
"ENST00000616738",2
"ENST00000370163",2
"ENST00000294728",2
"ENST00000603679",2
"ENST00000894821",2
"ENST00000967206",2
"ENST00000768352",2
"ENST00000734639",2
"ENST00000685012",2
"ENST00000695769",2
"ENST00000526445",2
"ENST00000369347",2
"ENST00000545683",2
"ENST00000883984",2
"ENST00000368078",2
"ENST00000368012",2
"ENST00000680688",2
"ENST00000495447",2
"ENST00000443333",2
"ENST00000691753",2
"ENST00000209929",2
"ENST00000367725",2
"ENST00000361833",2
"ENST00000460780",2
"ENST00000671234",2
"ENST00000515042",2
"ENST00000445079",2
"ENST00000361379",2
"ENST00000367312",2
"ENST00000634903",2
"ENST00000969198",2
"ENST00000969199",2
"ENST00000391959",2
"ENST00000608999",2
"ENST00000341360",2
"ENST00000713656",2
"ENST00000579436",2
"ENST00000636182",2
"ENST00000943400",2
"ENST00000881022",2
"ENST00000881026",2
"ENST00000949083",2
"ENST00000679854",2
"ENST00000366578",2
"ENST00000684050",2
"ENST00000651786",2
"ENST00000380872",2
"ENST00000377315",2
"ENST00000754649",2
"ENST00000423113",2
"ENST00000395995",2
"ENST00000340258",2
"ENST00000581492",2
"ENST00000374144",2
"ENST00000433211",2
"ENST00000752870",2
"ENST00000491557",2
"ENST00000623007",2
"ENST00000687598",2
"ENST00000480297",2
"ENST00000371418",2
"ENST00000626307",2
"ENST00000875452",2
"ENST00000905878",2
"ENST00000370196",2
"ENST00000369774",2
"ENST00000369701",2
"ENST00000263054",2
"ENST00000901329",2
"ENST00000439649",2
"ENST00000369236",2
"ENST00000654872",2
"ENST00000381153",2
"ENST00000335475",2
"ENST00000311051",2
"ENST00000531732",2
"ENST00000909716",2
"ENST00000909720",2
"ENST00000265968",2
"ENST00000529533",2
"ENST00000312319",2
"ENST00000908710",2
"ENST00000945131",2
"ENST00000922732",2
"ENST00000389602",2
"ENST00000346178",2
"ENST00000909124",2
"ENST00000164139",2
"ENST00000279259",2
"ENST00000252268",2
"ENST00000322563",2
"ENST00000886046",2
"ENST00000533880",2
"ENST00000893186",2
"ENST00000418526",2
"ENST00000650687",2
"ENST00000884477",2
"ENST00000529823",2
"ENST00000531381",2
"ENST00000780503",2
"ENST00000638157",2
"ENST00000956132",2
"ENST00000679360",2
"ENST00000932999",2
"ENST00000508564",2
"ENST00000905555",2
"ENST00000308259",2
"ENST00000361484",2
"ENST00000684924",2
"ENST00000875100",2
"ENST00000551917",2
"ENST00000228318",2
"ENST00000879864",2
"ENST00000405440",2
"ENST00000241125",2
"ENST00000403372",2
"ENST00000536792",2
"ENST00000380808",2
"ENST00000379747",2
"ENST00000497145",2
"ENST00000945014",2
"ENST00000355854",2
"ENST00000613252",2
"ENST00000704373",2
"ENST00000636475",2
"ENST00000909470",2
"ENST00000535094",2
"ENST00000375604",2
"ENST00000612156",2
"ENST00000375418",2
"ENST00000968258",2
"ENST00000405093",2
"ENST00000968267",2
"ENST00000968284",2
"ENST00000553750",2
"ENST00000968259",2
"ENST00000968253",2
"ENST00000968261",2
"ENST00000968262",2
"ENST00000651452",2
"ENST00000968274",2
"ENST00000968282",2
"ENST00000968289",2
"ENST00000702194",2
"ENST00000557461",2
"ENST00000965941",2
"ENST00000972013",2
"ENST00000396165",2
"ENST00000532462",2
"ENST00000557704",2
"ENST00000381216",2
"ENST00000238682",2
"ENST00000887122",2
"ENST00000887121",2
"ENST00000315988",2
"ENST00000866514",2
"ENST00000866518",2
"ENST00000547643",2
"ENST00000614355",2
"ENST00000934392",2
"ENST00000934394",2
"ENST00000713610",2
"ENST00000713607",2
"ENST00000868405",2
"ENST00000557860",2
"ENST00000648556",2
"ENST00000808239",2
"ENST00000397536",2
"ENST00000349748",2
"ENST00000318023",2
"ENST00000397163",2
"ENST00000674139",2
"ENST00000267853",2
"ENST00000439052",2
"ENST00000534939",2
"ENST00000714013",2
"ENST00000940176",2
"ENST00000357980",2
"ENST00000267996",2
"ENST00000651590",2
"ENST00000379727",2
"ENST00000961202",2
"ENST00000961130",2
"ENST00000421109",2
"ENST00000453270",2
"ENST00000889129",2
"ENST00000889135",2
"ENST00000705985",2
"ENST00000293894",2
"ENST00000399609",2
"ENST00000425191",2
"ENST00000895068",2
"ENST00000880396",2
"ENST00000889788",2
"ENST00000299759",2
"ENST00000302628",2
"ENST00000268489",2
"ENST00000412692",2
"ENST00000519584",2
"ENST00000437099",2
"ENST00000226218",2
"ENST00000591048",2
"ENST00000571981",2
"ENST00000954750",2
"ENST00000954751",2
"ENST00000869091",2
"ENST00000572303",2
"ENST00000806868",2
"ENST00000717408",2
"ENST00000332503",2
"ENST00000952408",2
"ENST00000591313",2
"ENST00000590421",2
"ENST00000477081",2
"ENST00000389520",2
"ENST00000589082",2
"ENST00000592951",2
"ENST00000858967",2
"ENST00000941942",2
"ENST00000941945",2
"ENST00000356443",2
"ENST00000866152",2
"ENST00000866143",2
"ENST00000866158",2
"ENST00000866151",2
"ENST00000581072",2
"ENST00000863107",2
"ENST00000257209",2
"ENST00000863114",2
"ENST00000768702",2
"ENST00000876944",2
"ENST00000262953",2
"ENST00000703254",2
"ENST00000595838",2
"ENST00000529370",2
"ENST00000697576",2
"ENST00000310123",2
"ENST00000874908",2
"ENST00000351325",2
"ENST00000874918",2
"ENST00000334116",2
"ENST00000221476",2
"ENST00000590918",2
"ENST00000452087",2
"ENST00000252825",2
"ENST00000334976",2
"ENST00000596399",2
"ENST00000221973",2
"ENST00000865593",2
"ENST00000380320",2
"ENST00000889860",2
"ENST00000884194",2
"ENST00000380075",2
"ENST00000952088",2
"ENST00000413479",2
"ENST00000686249",2
"ENST00000303077",2
"ENST00000409957",2
"ENST00000306156",2
"ENST00000643817",2
"ENST00000165698",2
"ENST00000965776",2
"ENST00000614034",2
"ENST00000876104",2
"ENST00000393352",2
"ENST00000961934",2
"ENST00000961924",2
"ENST00000355119",2
"ENST00000409455",2
"ENST00000636471",2
"ENST00000953167",2
"ENST00000873501",2
"ENST00000768694",2
"ENST00000477019",2
"ENST00000812505",2
"ENST00000284669",2
"ENST00000894515",2
"ENST00000446966",2
"ENST00000436599",2
"ENST00000590024",2
"ENST00000360870",2
"ENST00000634225",2
"ENST00000343876",2
"ENST00000409284",2
"ENST00000304636",2
"ENST00000677454",2
"ENST00000967985",2
"ENST00000477226",2
"ENST00000953545",2
"ENST00000404537",2
"ENST00000373876",2
"ENST00000321276",2
"ENST00000295550",2
"ENST00000409223",2
"ENST00000889445",2
"ENST00000876903",2
"ENST00000698796",2
"ENST00000255006",2
"ENST00000880497",2
"ENST00000397800",2
"ENST00000931655",2
"ENST00000373941",2
"ENST00000396009",2
"ENST00000371025",2
"ENST00000492611",2
"ENST00000583223",2
"ENST00000657710",2
"ENST00000670980",2
"ENST00000667313",2
"ENST00000952488",2
"ENST00000381132",2
"ENST00000669476",2
"ENST00000438754",2
"ENST00000455843",2
"ENST00000383045",2
"ENST00000407587",2
"ENST00000418374",2
"ENST00000852342",2
"ENST00000359787",2
"ENST00000664402",2
"ENST00000916956",2
"ENST00000434693",2
"ENST00000874346",2
"ENST00000874345",2
"ENST00000383767",2
"ENST00000383766",2
"ENST00000421391",2
"ENST00000437131",2
"ENST00000340369",2
"ENST00000917497",2
"ENST00000917495",2
"ENST00000653454",2
"ENST00000957833",2
"ENST00000877132",2
"ENST00000292327",2
"ENST00000395869",2
"ENST00000655244",2
"ENST00000427125",2
"ENST00000616701",2
"ENST00000636880",2
"ENST00000232975",2
"ENST00000954170",2
"ENST00000867985",2
"ENST00000352241",2
"ENST00000461511",2
"ENST00000642352",2
"ENST00000479530",2
"ENST00000264231",2
"ENST00000968420",2
"ENST00000930199",2
"ENST00000703520",2
"ENST00000482804",2
"ENST00000350481",2
"ENST00000716397",2
"ENST00000424227",2
"ENST00000265026",2
"ENST00000337774",2
"ENST00000296280",2
"ENST00000392472",2
"ENST00000169293",2
"ENST00000287641",2
"ENST00000863911",2
"ENST00000863913",2
"ENST00000673038",2
"ENST00000428187",2
"ENST00000319098",2
"ENST00000382395",2
"ENST00000503823",2
"ENST00000264866",2
"ENST00000855844",2
"ENST00000610355",2
"ENST00000961988",2
"ENST00000891634",2
"ENST00000891633",2
"ENST00000961982",2
"ENST00000961992",2
"ENST00000961990",2
"ENST00000891635",2
"ENST00000891636",2
"ENST00000504584",2
"ENST00000793970",2
"ENST00000295666",2
"ENST00000514062",2
"ENST00000381210",2
"ENST00000904220",2
"ENST00000395792",2
"ENST00000514279",2
"ENST00000508591",2
"ENST00000851358",2
"ENST00000612706",2
"ENST00000950395",2
"ENST00000379987",2
"ENST00000699047",2
"ENST00000699381",2
"ENST00000307142",2
"ENST00000429713",2
"ENST00000890353",2
"ENST00000307128",2
"ENST00000890354",2
"ENST00000302068",2
"ENST00000403106",2
"ENST00000856259",2
"ENST00000506455",2
"ENST00000513574",2
"ENST00000856281",2
"ENST00000505764",2
"ENST00000871520",2
"ENST00000261509",2
"ENST00000785662",2
"ENST00000507062",2
"ENST00000688174",2
"ENST00000281455",2
"ENST00000864745",2
"ENST00000650145",2
"ENST00000865661",2
"ENST00000865662",2
"ENST00000865660",2
"ENST00000698538",2
"ENST00000865714",2
"ENST00000462661",2
"ENST00000231357",2
"ENST00000263409",2
"ENST00000302005",2
"ENST00000358923",2
"ENST00000890327",2
"ENST00000956649",2
"ENST00000274368",2
"ENST00000342785",2
"ENST00000512590",2
"ENST00000504921",2
"ENST00000944378",2
"ENST00000500869",2
"ENST00000890200",2
"ENST00000890202",2
"ENST00000957489",2
"ENST00000512097",2
"ENST00000330794",2
"ENST00000359120",2
"ENST00000859832",2
"ENST00000706734",2
"ENST00000518659",2
"ENST00000274625",2
"ENST00000521848",2
"ENST00000436367",2
"ENST00000509686",2
"ENST00000377016",2
"ENST00000377034",2
"ENST00000375688",2
"ENST00000274938",2
"ENST00000889524",2
"ENST00000940915",2
"ENST00000889526",2
"ENST00000889528",2
"ENST00000940916",2
"ENST00000244751",2
"ENST00000244669",2
"ENST00000339561",2
"ENST00000370905",2
"ENST00000274901",2
"ENST00000393004",2
"ENST00000369700",2
"ENST00000868213",2
"ENST00000254765",2
"ENST00000368498",2
"ENST00000357525",2
"ENST00000962660",2
"ENST00000662930",2
"ENST00000368415",2
"ENST00000356698",2
"ENST00000368213",2
"ENST00000423061",2
"ENST00000885490",2
"ENST00000853553",2
"ENST00000691883",2
"ENST00000425660",2
"ENST00000622668",2
"ENST00000868969",2
"ENST00000436258",2
"ENST00000440213",2
"ENST00000446581",2
"ENST00000882995",2
"ENST00000882994",2
"ENST00000882996",2
"ENST00000950329",2
"ENST00000950331",2
"ENST00000950333",2
"ENST00000950336",2
"ENST00000457314",2
"ENST00000434895",2
"ENST00000882997",2
"ENST00000447951",2
"ENST00000476118",2
"ENST00000431289",2
"ENST00000457910",2
"ENST00000444676",2
"ENST00000669576",2
"ENST00000265361",2
"ENST00000877643",2
"ENST00000877641",2
"ENST00000421101",2
"ENST00000308478",2
"ENST00000284601",2
"ENST00000350908",2
"ENST00000265441",2
"ENST00000458573",2
"ENST00000361675",2
"ENST00000680005",2
"ENST00000445907",2
"ENST00000471195",2
"ENST00000964718",2
"ENST00000903439",2
"ENST00000644969",2
"ENST00000713700",2
"ENST00000713710",2
"ENST00000953572",2
"ENST00000886845",2
"ENST00000886846",2
"ENST00000941571",2
"ENST00000744516",2
"ENST00000641839",2
"ENST00000297488",2
"ENST00000306385",2
"ENST00000519952",2
"ENST00000256261",2
"ENST00000854271",2
"ENST00000887934",2
"ENST00000353317",2
"ENST00000315962",2
"ENST00000752019",2
"ENST00000311955",2
"ENST00000903091",2
"ENST00000398774",2
"ENST00000903896",2
"ENST00000903897",2
"ENST00000427623",2
"ENST00000380036",2
"ENST00000377988",2
"ENST00000257497",2
"ENST00000328788",2
"ENST00000677349",2
"ENST00000375512",2
"ENST00000427277",2
"ENST00000395477",2
"ENST00000375123",2
"ENST00000259365",2
"ENST00000314527",2
"ENST00000302798",2
"ENST00000394353",2
"ENST00000853883",2
"ENST00000458362",2
"ENST00000958092",2
"ENST00000371820",2
"ENST00000337414",2
"ENST00000495242",2
"ENST00000379494",2
"ENST00000867837",2
"ENST00000867838",2
"ENST00000682899",2
"ENST00000338702",2
"ENST00000684689",2
"ENST00000443563",2
"ENST00000697389",2
"ENST00000243298",2
"ENST00000539310",2
"ENST00000684880",2
"ENST00000370752",2
"ENST00000340888",2
"ENST00000868561",4
"ENST00000377263",4
"ENST00000911712",4
"ENST00000540617",4
"ENST00000374619",4
"ENST00000471849",4
"ENST00000373921",4
"ENST00000359858",4
"ENST00000470271",4
"ENST00000883345",4
"ENST00000371566",4
"ENST00000498273",4
"ENST00000450606",4
"ENST00000471876",4
"ENST00000873828",4
"ENST00000608007",4
"ENST00000488498",4
"ENST00000368108",4
"ENST00000287713",4
"ENST00000476590",4
"ENST00000789554",4
"ENST00000812164",4
"ENST00000733246",4
"ENST00000366624",4
"ENST00000348581",4
"ENST00000830110",4
"ENST00000378614",4
"ENST00000683007",4
"ENST00000467529",4
"ENST00000361175",4
"ENST00000370992",4
"ENST00000369847",4
"ENST00000451024",4
"ENST00000649536",4
"ENST00000689128",4
"ENST00000528989",4
"ENST00000908662",4
"ENST00000908664",4
"ENST00000538084",4
"ENST00000377891",4
"ENST00000526258",4
"ENST00000533655",4
"ENST00000714289",4
"ENST00000239830",4
"ENST00000916653",4
"ENST00000535350",4
"ENST00000360168",4
"ENST00000428824",4
"ENST00000786854",4
"ENST00000261178",4
"ENST00000939868",4
"ENST00000869771",4
"ENST00000546485",4
"ENST00000358888",4
"ENST00000678322",4
"ENST00000256010",4
"ENST00000261637",4
"ENST00000967999",4
"ENST00000895618",4
"ENST00000926852",4
"ENST00000874747",4
"ENST00000337174",4
"ENST00000360564",4
"ENST00000535004",4
"ENST00000937600",4
"ENST00000379705",4
"ENST00000615498",4
"ENST00000322475",4
"ENST00000581816",4
"ENST00000267294",4
"ENST00000376335",4
"ENST00000905563",4
"ENST00000560410",4
"ENST00000699886",4
"ENST00000699888",4
"ENST00000725092",4
"ENST00000925860",4
"ENST00000256362",4
"ENST00000925861",4
"ENST00000864005",4
"ENST00000216492",4
"ENST00000299267",4
"ENST00000311550",4
"ENST00000561100",4
"ENST00000869538",4
"ENST00000913682",4
"ENST00000441322",4
"ENST00000220478",4
"ENST00000654059",4
"ENST00000396064",4
"ENST00000268043",4
"ENST00000261881",4
"ENST00000352331",4
"ENST00000684509",4
"ENST00000558018",4
"ENST00000310775",4
"ENST00000355112",4
"ENST00000562684",4
"ENST00000483320",4
"ENST00000576985",4
"ENST00000252463",4
"ENST00000874415",4
"ENST00000873752",4
"ENST00000917718",4
"ENST00000346932",4
"ENST00000876145",4
"ENST00000350605",4
"ENST00000698445",4
"ENST00000458121",4
"ENST00000851819",4
"ENST00000258169",4
"ENST00000969714",4
"ENST00000894530",4
"ENST00000315614",4
"ENST00000621161",4
"ENST00000394211",4
"ENST00000674214",4
"ENST00000543428",4
"ENST00000393664",4
"ENST00000319349",4
"ENST00000885255",4
"ENST00000581993",4
"ENST00000863046",4
"ENST00000573478",4
"ENST00000687483",4
"ENST00000692104",4
"ENST00000695635",4
"ENST00000423027",4
"ENST00000269466",4
"ENST00000336078",4
"ENST00000929495",4
"ENST00000316660",4
"ENST00000575389",4
"ENST00000262960",4
"ENST00000919619",4
"ENST00000160262",4
"ENST00000588454",4
"ENST00000593114",4
"ENST00000589048",4
"ENST00000198939",4
"ENST00000407280",4
"ENST00000600289",4
"ENST00000392386",4
"ENST00000684169",4
"ENST00000590187",4
"ENST00000402194",4
"ENST00000359191",4
"ENST00000310054",4
"ENST00000906414",4
"ENST00000718252",4
"ENST00000699873",4
"ENST00000222212",4
"ENST00000376531",4
"ENST00000587845",4
"ENST00000334181",4
"ENST00000597136",4
"ENST00000899121",4
"ENST00000899141",4
"ENST00000340553",4
"ENST00000404735",4
"ENST00000272321",4
"ENST00000696727",4
"ENST00000923521",4
"ENST00000910384",4
"ENST00000910388",4
"ENST00000962833",4
"ENST00000409441",4
"ENST00000393107",4
"ENST00000392825",4
"ENST00000686960",4
"ENST00000702947",4
"ENST00000921539",4
"ENST00000413197",4
"ENST00000264601",4
"ENST00000234040",4
"ENST00000217195",4
"ENST00000449299",4
"ENST00000376862",4
"ENST00000328111",4
"ENST00000396863",4
"ENST00000800895",4
"ENST00000262354",4
"ENST00000431390",4
"ENST00000329618",4
"ENST00000960762",4
"ENST00000695527",4
"ENST00000402369",4
"ENST00000407817",4
"ENST00000402042",4
"ENST00000930912",4
"ENST00000693754",4
"ENST00000419585",4
"ENST00000326047",4
"ENST00000938308",4
"ENST00000493282",4
"ENST00000296145",4
"ENST00000331456",4
"ENST00000583516",4
"ENST00000495679",4
"ENST00000793799",4
"ENST00000793787",4
"ENST00000930514",4
"ENST00000937923",4
"ENST00000502783",4
"ENST00000504360",4
"ENST00000288135",4
"ENST00000508280",4
"ENST00000829524",4
"ENST00000933324",4
"ENST00000505215",4
"ENST00000509938",4
"ENST00000731552",4
"ENST00000731550",4
"ENST00000691790",4
"ENST00000731551",4
"ENST00000688371",4
"ENST00000505632",4
"ENST00000940033",4
"ENST00000940034",4
"ENST00000623500",4
"ENST00000508407",4
"ENST00000694995",4
"ENST00000282268",4
"ENST00000859025",4
"ENST00000265140",4
"ENST00000645832",4
"ENST00000683265",4
"ENST00000763339",4
"ENST00000892476",4
"ENST00000523856",4
"ENST00000521300",4
"ENST00000336314",4
"ENST00000873130",4
"ENST00000936190",4
"ENST00000508896",4
"ENST00000680013",4
"ENST00000618533",4
"ENST00000783223",4
"ENST00000683778",4
"ENST00000706778",4
"ENST00000471529",4
"ENST00000924509",4
"ENST00000873183",4
"ENST00000873185",4
"ENST00000359534",4
"ENST00000418814",4
"ENST00000230510",4
"ENST00000912060",4
"ENST00000705235",4
"ENST00000705236",4
"ENST00000313766",4
"ENST00000389574",4
"ENST00000861916",4
"ENST00000752591",4
"ENST00000621097",4
"ENST00000901285",4
"ENST00000932164",4
"ENST00000393386",4
"ENST00000837435",4
"ENST00000867736",4
"ENST00000929054",4
"ENST00000884618",4
"ENST00000697121",4
"ENST00000519840",4
"ENST00000523444",4
"ENST00000696633",4
"ENST00000357668",4
"ENST00000521075",4
"ENST00000889073",4
"ENST00000679800",4
"ENST00000920555",4
"ENST00000541717",4
"ENST00000855349",4
"ENST00000855353",4
"ENST00000715875",4
"ENST00000265284",4
"ENST00000325875",4
"ENST00000916389",4
"ENST00000858567",4
"ENST00000924541",4
"ENST00000415905",4
"ENST00000964281",4
"ENST00000398491",4
"ENST00000380668",4
"ENST00000374299",4
"ENST00000298085",4
"ENST00000699749",4
"ENST00000755579",4
"ENST00000788121",4
"ENST00000907101",4
"ENST00000372674",4
"ENST00000851044",4
"ENST00000674440",4
"ENST00000164640",4
"ENST00000361981",4
"ENST00000907454",4
"ENST00000823889",4
"ENST00000686816",4
"ENST00000701431",4
"ENST00000848833",4
"ENST00000906489",4
"ENST00000381944",4
"ENST00000828622",4
"ENST00000529446",4
